{"cameraMode":{"drawMode":0,"name":"Shaded","section":"Shading Mode"},"sceneLighting":true,"audioPlay":false,"sceneViewState":{"m_AlwaysRefresh":false,"showFog":true,"showSkybox":true,"showFlares":true,"showImageEffects":true,"showParticleSystems":true,"showVisualEffectGraphs":true,"m_FxEnabled":true},"in2DMode":false,"pivot":{"x":1139.077392578125,"y":1343.2216796875,"z":1064.19287109375},"rotation":{"x":0.007806978188455105,"y":0.025492090731859208,"z":-0.00019900768529623747,"w":0.9996441602706909},"size":1928.1968994140625,"orthographic":false}